tconst_p,directors_p,writers_p
0,41.5987802084440906,49.0108850007738152
