tconst_p,titletype_p,primarytitle_p,originaltitle_p,isadult_p,startyear_p,endyear_p,runtimeminutes_p,genres_p
0,0,0,0.00290532717470379774,0,5.5968056674798262,99.1513124275950963,70.1422846629604653,7.9480122415545459
